{"cameraMode":{"drawMode":0,"name":"Shaded","section":"Shading Mode"},"sceneLighting":true,"audioPlay":false,"sceneViewState":{"showFog":true,"showMaterialUpdate":true,"showSkybox":false,"showFlares":true,"showImageEffects":true,"showParticleSystems":true},"in2DMode":false,"pivot":{"x":-2.6197943687438967,"y":4.074370384216309,"z":-0.8926050662994385},"rotation":{"x":-0.2690836191177368,"y":-0.3968260884284973,"z":0.12288753688335419,"w":-0.8689199686050415},"size":3.0602939128875734,"orthographic":false}