{"cameraMode":{"drawMode":0,"name":"Shaded","section":"Shading Mode"},"sceneLighting":true,"audioPlay":false,"sceneViewState":{"showFog":true,"showMaterialUpdate":false,"showSkybox":true,"showFlares":true,"showImageEffects":true,"showParticleSystems":true},"in2DMode":false,"pivot":{"x":-0.753016471862793,"y":-2.2521300315856935,"z":4.10195255279541},"rotation":{"x":-0.2117956280708313,"y":0.7529319524765015,"z":-0.28884246945381167,"w":-0.5520925521850586},"size":9.939372062683106,"orthographic":false}